"","p_val","avg_log2FC","pct.1","pct.2","p_val_adj"
"NKG7",3.58323335613284e-159,-6.80765889383778,0.057,0.913,7.24744778611428e-155
"CCL5",7.95045029861084e-158,-4.61961659509788,0.092,0.96,1.60805807739703e-153
"CST7",4.82457353682088e-126,-6.42584637752079,0.021,0.742,9.75818243557392e-122
"GZMA",1.00124252781058e-118,-5.4076310679871,0.041,0.742,2.02511313674967e-114
"B2M",3.39231436618183e-85,-0.814441278191173,0.998,1,6.86129503703938e-81
"GZMK",6.54862148280275e-84,-5.62015051674317,0.024,0.556,1.32452418111168e-79
"CTSW",4.79782115478655e-78,-3.0965941079715,0.243,0.78,9.70407306767127e-74
"RPL32",1.63090882411322e-69,0.690506112334794,0.992,1,3.29867618765139e-65
"HLA-C",2.00817083102784e-65,-1.11242483085123,0.959,0.988,4.06172632283691e-61
"S100A4",6.83498249815637e-65,-1.80706565987779,0.603,0.919,1.38244356007711e-60
"TRGC2",7.96540146403414e-64,-4.77142847736954,0.025,0.463,1.61108210011555e-59
"MYO1F",2.99120855190219e-62,-3.46753238761483,0.063,0.528,6.05001841707737e-58
"LYAR",1.37135636297061e-60,-2.701370046828,0.096,0.559,2.77370537974435e-56
"RPS27",3.14470474903693e-60,0.566860255243578,0.994,1,6.36047982540209e-56
"PRF1",3.85294125644722e-59,-5.01044606498112,0.027,0.432,7.79295898529015e-55
"HOPX",9.24079933585099e-59,-5.15296798750425,0.014,0.407,1.86904407366922e-54
"GZMH",2.93491149493093e-52,-6.27164665674874,0.011,0.357,5.93615198964729e-48
"KLRG1",2.53998781756528e-50,-2.60369190359255,0.052,0.435,5.13737935980754e-46
"LEF1",5.61483944720864e-48,3.93377989880913,0.547,0.053,1.13565742659242e-43
"RPS6",1.70138702074783e-47,0.492219594255591,0.989,0.997,3.44122538816457e-43
"RPS12",3.28529711147344e-46,0.513548231421892,0.992,1,6.64484193766619e-42
"CLIC1",3.54961832623289e-46,-1.82653748138862,0.281,0.686,7.17945802663865e-42
"RPS23",3.95244718335822e-46,0.616179560159948,0.991,0.988,7.99421967306034e-42
"RPL11",7.1261958391322e-46,0.503951058937997,0.987,0.997,1.44134437042288e-41
"CYBA",8.76129779769136e-46,-1.49671286766254,0.645,0.876,1.77206009256105e-41
"LINC00987",1.07771804069405e-45,-3.3298671789641,0.074,0.45,2.17979250910779e-41
"HLA-A",2.16001479830044e-45,-0.83027584147532,0.954,0.981,4.36884593104247e-41
"CCR7",2.45847636038613e-44,3.80364777379005,0.507,0.04,4.97251428651698e-40
"CCL4",2.41738500700396e-43,-5.86323617279381,0.008,0.298,4.8894029151662e-39
"RPS13",3.75226352554537e-43,0.758023572083756,0.976,0.957,7.58932820676806e-39
"RPLP2",4.0996068621686e-43,0.510073239649747,0.997,0.997,8.29186483942221e-39
"RPS14",5.31191195040756e-43,0.498124359814482,0.991,1,1.07438731108943e-38
"AOAH",8.30993071260911e-43,-2.68402001596366,0.163,0.55,1.68076658593232e-38
"SH3BGRL3",9.49190853498201e-43,-1.24293340589711,0.709,0.904,1.91983342028546e-38
"RPS28",5.03021325113245e-42,0.620669220394857,0.989,0.981,1.01741093217405e-37
"RPS25",5.01134451518403e-41,0.553922617733655,0.991,0.991,1.01359454164112e-36
"RPL31",5.80574771907622e-41,0.591453297189158,0.987,0.991,1.17427053366036e-36
"APOBEC3G",8.81977010669019e-41,-2.90526391321384,0.1,0.457,1.78388670177916e-36
"HLA-B",3.05938119353826e-40,-0.793775325139072,0.891,0.963,6.18790440205048e-36
"IL32",1.01061093387619e-39,-1.14397183468276,0.744,0.929,2.04406167485798e-35
"RPL30",1.08316840164981e-38,0.536673300688379,0.989,0.984,2.1908164091769e-34
"RPL18A",5.44313187978839e-38,0.467009657014367,0.986,1,1.100927854006e-33
"RPL13",7.62810565312041e-38,0.421526342016196,0.995,1,1.54286064940013e-33
"EEF1G",2.31509793336704e-37,0.677019647782881,0.975,0.969,4.68251708002818e-33
"FGFBP2",3.44619708658615e-37,-6.86341977027577,0.005,0.252,6.97027822732914e-33
"RPS16",6.28277796492116e-37,0.508544006868515,0.991,1,1.27075467118495e-32
"CD8A",6.29432163411215e-37,-2.39253429646853,0.126,0.484,1.27308949371552e-32
"GZMB",1.26092112734591e-36,-6.49433646879276,0.009,0.261,2.55033907216984e-32
"MAML2",1.59676667701295e-36,2.04481247024515,0.652,0.208,3.2296202809264e-32
"RPS29",2.54246587961231e-36,0.577114163453221,0.983,0.988,5.14239148810385e-32
"LDHB",1.47129147194405e-35,0.872082359759355,0.896,0.649,2.97583413115403e-31
"RPL18",1.10308979160174e-34,0.540601709568367,0.986,0.984,2.23110941249368e-30
"PFN1",1.64433010129869e-34,-0.932789820012863,0.877,0.953,3.32582206288673e-30
"ACTB",5.6026215312107e-34,-0.86300871214241,0.975,1,1.13318623090268e-29
"SAMD3",2.46530528655574e-33,-2.44000496808871,0.115,0.435,4.98632647258764e-29
"RPS3A",5.17822203845826e-33,0.578787299778575,0.987,0.978,1.04734718949857e-28
"RPL19",6.19693821844872e-33,0.397940513528853,0.992,1,1.25339272406344e-28
"TPT1",6.99251788051579e-33,0.541524949202985,0.984,0.994,1.41430666651312e-28
"ANXA2",1.47225757910694e-32,-2.65114748565039,0.085,0.388,2.9777881795017e-28
"FHIT",1.04977686780306e-31,4.27921466637208,0.387,0.031,2.12327869281848e-27
"HLA-DPB1",1.73912443439715e-30,-2.9076066017896,0.112,0.404,3.51755308101168e-26
"HCST",2.68053422764509e-30,-1.320128589566,0.507,0.758,5.42164852883496e-26
"RPL12",4.22405432733587e-30,0.485837942586354,0.991,0.997,8.54357228246953e-26
"RPL36",4.40600051706976e-30,0.6016935519528,0.983,0.941,8.91157664582529e-26
"RPS18",1.067781499475e-29,0.348574660144538,0.994,1,2.15969486083814e-25
"RPL9",1.49879043325527e-29,0.464214843346195,0.989,0.984,3.0314535303021e-25
"KLRK1",1.53851884815211e-29,-2.55563492590757,0.12,0.422,3.11180822227245e-25
"RPS5",1.59418427770478e-29,0.50871863404734,0.978,0.984,3.22439712008568e-25
"PRKCA",9.35802227920496e-29,2.3938469996528,0.469,0.09,1.892753586192e-24
"CTSC",1.1434792463155e-28,-2.46672295387839,0.106,0.391,2.31280112359774e-24
"RPS15A",1.5198648156474e-28,0.426123386053172,0.989,0.997,3.07407857612844e-24
"TSHZ2",1.59182441377502e-28,4.90116074542462,0.332,0.012,3.21962405930136e-24
"RPL13A",1.82485576824515e-28,0.325920693368676,0.994,1,3.69095327685264e-24
"RPL35A",2.10402997091292e-28,0.488522216020264,0.989,0.984,4.25561101916847e-24
"SARAF",5.90126840194409e-28,0.887549817252069,0.921,0.748,1.19359054697721e-23
"GZMM",2.08681121093891e-27,-2.00256785319855,0.275,0.556,4.22078435524503e-23
"C12orf75",2.18431807571773e-27,-2.84652441053772,0.066,0.323,4.41800173994669e-23
"RPL10",4.49418111711835e-27,0.305549446625932,0.994,1,9.08993072748357e-23
"RPS15",1.80910745975893e-26,0.395030570586544,0.989,0.994,3.65910074810841e-22
"EEF1A1",2.00988481559217e-26,0.354693011324678,0.989,0.997,4.06519302801672e-22
"MAL",2.31874568757833e-26,5.07151468764268,0.316,0.016,4.68989502769593e-22
"RPL10A",2.163657235202e-25,0.451433571174316,0.973,0.991,4.37621312391956e-21
"SRGN",2.1836852185658e-25,-1.1456168182744,0.592,0.798,4.41672172307118e-21
"MT-CO1",2.70113597071553e-25,-0.463947896462812,0.987,0.997,5.46331761436923e-21
"RPS20",4.98819854225055e-25,0.543841550741444,0.979,0.947,1.0089130371556e-20
"RPLP1",1.39631547166386e-24,0.412086364109189,0.994,0.994,2.82418767298732e-20
"RPL37",2.05536301519869e-24,0.585156425747166,0.984,0.95,4.15717723454088e-20
"FOXP1",2.38118996080796e-24,1.32392182844674,0.712,0.339,4.81619481473018e-20
"RPS10",2.40878214098169e-24,0.457793897528258,0.979,0.972,4.87200275834956e-20
"LGALS1",2.61112220623732e-24,-2.53391826378309,0.088,0.339,5.28125577433561e-20
"SELL",3.973674612575e-24,1.43095488036289,0.592,0.217,8.0371542713942e-20
"SERINC5",5.84405743617855e-24,2.23752719514866,0.428,0.096,1.18201905704147e-19
"S100A6",6.60018317044682e-24,-0.948460687895088,0.66,0.817,1.33495304805457e-19
"HLA-DPA1",8.35077501981115e-24,-2.71254541460998,0.079,0.317,1.689027755507e-19
"RPL29",1.44902079360979e-23,0.456793970870065,0.983,0.972,2.93078945715515e-19
"RPL23",2.48847533875723e-23,0.678311158937504,0.907,0.711,5.03319022017036e-19
"SNHG32",4.45562526178587e-23,1.30525123980781,0.692,0.345,9.0119476544881e-19
"JUNB",4.93023346112331e-23,0.858161405516229,0.894,0.814,9.97189019846801e-19
"LTB",5.09958250656177e-23,0.704998071842729,0.885,0.575,1.03144155777718e-18
"RPS11",1.09614188699298e-22,0.648691627569339,0.954,0.885,2.21705658063201e-18
"RPS9",1.18424633148134e-22,0.454002939377254,0.987,0.984,2.39525663005417e-18
"RPL21",4.97733290021434e-22,0.324560455342682,0.984,0.997,1.00671535239735e-17
"GAS5",5.59677734028465e-22,1.06303052075473,0.855,0.624,1.13200418484597e-17
"TMSB10",5.74035274637776e-22,0.522711949327296,0.992,0.978,1.16104374648237e-17
"CD74",1.0927841630861e-21,-1.45125601131716,0.436,0.655,2.21026524825795e-17
"ID2",1.92406150583865e-21,-1.63130764869268,0.253,0.519,3.89160680170926e-17
"NDFIP1",3.7534038084012e-21,1.4386223772993,0.635,0.301,7.59163454287226e-17
"PHACTR2",4.60980183661717e-21,-1.3859001047272,0.09,0.32,9.32378519474188e-17
"NPM1",1.09364771292515e-20,0.604799760328047,0.916,0.807,2.21201186416242e-16
"RPL22",1.80910801428076e-20,0.789633754713428,0.883,0.689,3.65910186968427e-16
"CD63",1.95933901562639e-20,-1.73313524165755,0.141,0.379,3.96295909300593e-16
"RAP1GAP2",5.15369451915751e-20,-1.82229916919786,0.096,0.326,1.0423862534448e-15
"RPL36A",5.26664011318027e-20,0.451659675648699,0.983,0.913,1.06523062929184e-15
"RPS4X",6.25265603887133e-20,0.329210954243349,0.983,0.994,1.26466221042212e-15
"RPS19",6.52435012293181e-20,0.320393990505043,0.994,0.994,1.31961505586419e-15
"RPL4",8.71496651885939e-20,0.488514440801159,0.973,0.96,1.7626891281045e-15
"CD99",8.97143951070547e-20,-1.89447797525744,0.128,0.366,1.81456335543529e-15
"CHST12",1.60054756057054e-19,-2.57371634444244,0.055,0.252,3.23726749600997e-15
"SLC2A3",1.64557641319605e-19,1.39636944488506,0.621,0.289,3.32834285333033e-15
"RPL38",1.89452888084013e-19,0.609756723885285,0.948,0.839,3.83187411438725e-15
"RPL5",1.92521535114663e-19,0.394609487046296,0.975,0.981,3.89394056922917e-15
"BACH2",2.54393828296853e-19,1.8802489826016,0.441,0.143,5.14536957113215e-15
"ZNF331",5.35712711388112e-19,1.21574455097793,0.619,0.286,1.0835325300536e-14
"SNHG29",6.78643878088435e-19,0.863511472673598,0.877,0.671,1.37262510782167e-14
"RPL37A",7.7566179079715e-19,0.490967701102765,0.978,0.922,1.56885353806632e-14
"GAPDH",7.91686114329497e-19,-0.78231323678633,0.746,0.863,1.60126433484284e-14
"EEF1B2",1.10089263159104e-18,0.657437736562079,0.932,0.832,2.22666543665604e-14
"TRG-AS1",5.62339124883768e-18,-2.3448170049321,0.065,0.255,1.13738711398991e-13
"NOSIP",5.90724118461558e-18,1.00722858866427,0.646,0.335,1.19479860200035e-13
"TPST2",6.56453956974711e-18,-2.63131337236429,0.077,0.273,1.32774377337705e-13
"RPL3",6.63930652921335e-18,0.253808740606808,0.983,1,1.34286613859869e-13
"ARHGAP26",1.94339306529005e-17,-2.19767996622438,0.088,0.289,3.93070681385566e-13
"ANXA1",3.33773459296396e-17,-1.20200204122155,0.444,0.655,6.7509019877289e-13
"RPL27A",3.78243173086048e-17,0.304047443743563,0.989,0.997,7.65034641883841e-13
"RPS8",6.19836003069373e-17,0.35325510101317,0.986,0.991,1.25368029980811e-12
"RPL24",1.97174446711915e-16,0.424674084093511,0.981,0.919,3.9880503591952e-12
"RPS2",2.18227228548361e-16,0.269050111979273,0.991,1,4.41386392461915e-12
"MYL6",2.27276896364034e-16,-0.920776000762495,0.736,0.801,4.59690250585894e-12
"RPS21",3.46433724114931e-16,0.514256864992052,0.927,0.845,7.00696850394859e-12
"RACK1",3.82515636452639e-16,0.468047778709078,0.976,0.96,7.73676126289107e-12
"PIK3IP1",5.01724111865388e-16,1.25707695391841,0.531,0.242,1.01478718865893e-11
"HLA-E",5.65476672155452e-16,-0.626028231422537,0.856,0.922,1.14373311710162e-11
"SYNE1",5.86863292701298e-16,-1.41385341149199,0.087,0.28,1.18698969581765e-11
"RPSA",5.87796508747842e-16,0.335126269278384,0.975,0.975,1.18887721859338e-11
"RPL8",1.31786547725597e-15,0.251369359842553,0.979,0.972,2.66551471429793e-11
"DNAJC1",1.32192970117694e-15,-1.89093207301546,0.109,0.304,2.67373501360048e-11
"TXK",1.87608225444558e-15,1.66568383056682,0.381,0.121,3.79456396784163e-11
"RUNX3",2.44904894076855e-15,-1.85431237270048,0.1,0.289,4.95344638759847e-11
"SYNE2",2.52518528947446e-15,-1.21087954838848,0.191,0.416,5.10743976649104e-11
"RPL28",3.13186838978756e-15,0.260036490887808,0.989,1,6.33451700518431e-11
"PABPC1",3.2587555385239e-15,0.606988319609295,0.877,0.724,6.59115895221844e-11
"TGFB1",3.84505726501552e-15,-1.54555820294081,0.21,0.419,7.77701282422039e-11
"CRIP1",7.8381222521465e-15,-0.963827470310951,0.464,0.68,1.58533860671915e-10
"FAU",9.70696676802974e-15,0.382995382040163,0.981,0.96,1.96333109850169e-10
"RGS10",1.10737095470944e-14,1.17347597837557,0.564,0.273,2.23976849299532e-10
"PRKCQ-AS1",1.61180359930885e-14,1.63806177426739,0.39,0.134,3.26003395996208e-10
"BTG1",1.68936517321338e-14,0.593502347447386,0.942,0.823,3.41690999934139e-10
"TCF7",2.10770241541573e-14,1.14149507839127,0.453,0.186,4.26303890541986e-10
"NELL2",3.25875634481426e-14,1.87537311039161,0.313,0.084,6.59116058302131e-10
"RPL14",5.50878464933065e-14,0.227071798836402,0.987,0.988,1.11420678317362e-09
"ARPC5L",5.59561922437886e-14,-1.84199069951629,0.114,0.292,1.13176994432287e-09
"ARPC2",6.05977398920379e-14,-0.96225794518947,0.635,0.745,1.22564988705636e-09
"PPP2R5C",9.54293563276642e-14,-0.960249171475103,0.28,0.478,1.93015416108334e-09
"RABGAP1L",1.00418866317444e-13,-1.65610728295986,0.28,0.469,2.03107199013662e-09
"ABLIM1",1.0827621657279e-13,1.52110304119242,0.332,0.099,2.18999475640124e-09
"CFL1",2.27526615515961e-13,-0.54290522200914,0.87,0.913,4.60195332542582e-09
"APBA2",5.05577702223142e-13,1.65413098392554,0.3,0.084,1.02258146051653e-08
"PPP1R18",6.18954714140453e-13,-1.42695552307324,0.172,0.357,1.25189780482048e-08
"ATXN1",7.03231382847528e-13,-1.39670391391795,0.152,0.335,1.42235579494741e-08
"PARP8",8.91060813539929e-13,-0.82631847289718,0.197,0.398,1.80225960146586e-08
"RPL41",1.06214982576585e-12,0.294817134815628,0.984,0.991,2.14830423759402e-08
"CAMK4",1.3279724252374e-12,1.35771436335118,0.507,0.261,2.68595702728517e-08
"RPL7A",1.48391646587211e-12,0.272318770030772,0.978,0.963,3.00136944387292e-08
"PAXX",1.52012063634684e-12,-2.1394984364812,0.161,0.335,3.07459599907512e-08
"RPL7",1.61672217897374e-12,0.375808818453232,0.972,0.969,3.26998227919229e-08
"YWHAQ",2.08448432851111e-12,-1.54370920063858,0.22,0.394,4.21607800284657e-08
"UBC",2.48845416698517e-12,-0.696580557615923,0.812,0.832,5.03314739814421e-08
"AHNAK",3.34103625921708e-12,-1.86265401991514,0.12,0.292,6.75757993789246e-08
"C1orf162",3.67920829116086e-12,1.53116256951192,0.297,0.087,7.44156668970196e-08
"ITGB2",4.42092370482077e-12,-1.23313889114746,0.303,0.475,8.94176028537049e-08
"RPL34",4.48523105352834e-12,0.546520355763604,0.916,0.898,9.07182832886643e-08
"RPS17",4.56959552338255e-12,0.316094850426005,0.983,0.991,9.24246390559355e-08
"RPS27A",6.40028899354256e-12,0.248838589802854,0.986,0.991,1.29452245183392e-07
"RPL35",7.15627276474048e-12,0.293518962006432,0.986,0.947,1.44742772939641e-07
"NACA",7.96036269091939e-12,0.334084591488847,0.967,0.947,1.61006295786536e-07
"NOP53",9.67437884301966e-12,0.341297086311498,0.915,0.77,1.95673986478916e-07
"CD53",1.06211228037551e-11,-0.862409523882485,0.472,0.612,2.1482282982875e-07
"RPLP0",1.13258857824978e-11,0.314466679598733,0.975,0.947,2.29077365836801e-07
"PSMB9",1.16129443843543e-11,-0.73207361342875,0.455,0.606,2.3488341311795e-07
"RPS3",1.36925037824814e-11,0.15787668128044,0.989,0.994,2.76944581504469e-07
"OAZ1",1.53754739228689e-11,-0.555185653779468,0.809,0.857,3.10984335563947e-07
"PSMB8",1.55420648260716e-11,-0.877218203970508,0.291,0.478,3.14353803172125e-07
"FYB1",1.9848556229097e-11,0.879008022978937,0.578,0.326,4.01456898289715e-07
"LEPROTL1",2.28162994829817e-11,0.955944384734088,0.591,0.342,4.61482473342788e-07
"DUSP2",2.51103210245056e-11,-1.28162341485028,0.262,0.425,5.0788135304165e-07
"RPL15",3.19491918364135e-11,0.293214783948862,0.986,0.994,6.46204354083299e-07
"LDLRAP1",3.55308814660003e-11,2.09724919480123,0.284,0.09,7.18647608531322e-07
"ANXA6",3.78897323518073e-11,-1.45041004828487,0.218,0.391,7.66357726547654e-07
"INPP4B",3.83544215165512e-11,1.08572838844997,0.397,0.174,7.75756529593766e-07
"UBA52",4.14791604225246e-11,0.301487735799368,0.968,0.938,8.38957498705983e-07
"IFITM2",6.62578519860564e-11,-0.603215841617732,0.577,0.696,1.34013131426998e-06
"LCP1",1.22163846612427e-10,-1.03848315304464,0.259,0.422,2.47088596158296e-06
"EMP3",1.23802208834943e-10,-0.948583917208744,0.602,0.68,2.50402347589556e-06
"MT-ND1",1.36205220695193e-10,-0.416398953105039,0.926,0.96,2.75488679378098e-06
"S100A10",1.41817491809078e-10,-0.725385126574399,0.483,0.615,2.86840058933041e-06
"FYN",1.43122067840871e-10,-0.789434504038398,0.387,0.55,2.89478694414946e-06
"TMEM243",1.79197635787833e-10,1.40739600366482,0.313,0.112,3.62445138144471e-06
"MYL12A",1.99492077353397e-10,-0.406294233226555,0.896,0.922,4.03492675654981e-06
"OXNAD1",2.79646300720174e-10,1.32148065113222,0.39,0.174,5.65612607836624e-06
"RPL17",3.39224657365251e-10,0.318725574178095,0.983,0.991,6.86115791986957e-06
"BCL11B",3.46795967757226e-10,0.892264739959364,0.602,0.373,7.01429524385766e-06
"B4GALT1",4.34889537144439e-10,-1.45744906934575,0.134,0.286,8.79607577828343e-06
"BIN2",5.0300445152274e-10,-1.11833651608979,0.397,0.525,1.01737680364989e-05
"NHERF1",5.27277329393532e-10,-1.60252949780294,0.118,0.264,1.06647112643136e-05
"KLF6",5.83413595764624e-10,-0.84091340977318,0.483,0.624,1.18001233879353e-05
"ALOX5AP",6.03547952976625e-10,-1.4527724922644,0.126,0.276,1.22073608969052e-05
"NAP1L1",6.91544240139996e-10,0.899695271492948,0.633,0.41,1.39871738010716e-05
"P4HB",7.04372344127509e-10,-1.48669441981917,0.125,0.27,1.4246635032323e-05
"CD8B",7.38556773479379e-10,-1.04355980769925,0.213,0.401,1.49380493003939e-05
"RGCC",7.82041775437874e-10,1.07031471302611,0.408,0.193,1.58175769500064e-05
"SERF2",1.22893079041615e-09,-0.651325812627549,0.771,0.814,2.4856354166957e-05
"TMSB4X",1.4505255609308e-09,-0.222689557168067,0.998,1,2.93383299953863e-05
"RASSF1",1.72277943994698e-09,-1.53867421428951,0.118,0.261,3.48449369523676e-05
"EIF3E",2.54224833474409e-09,0.973326827310076,0.455,0.242,5.1419514818534e-05
"UBB",2.9599967427874e-09,-0.625200368804552,0.706,0.773,5.98688941196179e-05
"TMEM123",3.36138203882237e-09,0.701175776576231,0.558,0.317,6.79873131172213e-05
"TAGLN2",3.50182906509174e-09,-0.9940442480392,0.349,0.497,7.08279946705456e-05
"ARPC1B",3.55620620690635e-09,-0.620968190716957,0.562,0.671,7.19278267408878e-05
"MYL12B",3.63691324070168e-09,-0.659462470565231,0.67,0.73,7.35602072064323e-05
"FOS",5.08719920085406e-09,0.352524576155511,0.856,0.699,0.000102893691036474
"SNHG5",5.61117905852343e-09,0.733809066700354,0.523,0.295,0.000113491707637695
"FLT3LG",6.23854519599067e-09,1.28707849231385,0.346,0.158,0.000126180815134107
"ACTG1",6.55153247476637e-09,-0.739478217318849,0.809,0.845,0.000132511295834625
"CALM1",6.90064954230349e-09,-0.717609182466468,0.673,0.739,0.00013957253764263
"PPP1CA",7.41568223768388e-09,-0.866066475939891,0.362,0.488,0.000149989588939394
"CBLB",8.26795177451031e-09,-1.17581637054587,0.177,0.326,0.000167227592591245
"LSP1",1.03241128725655e-08,-0.61626599059956,0.406,0.531,0.000208815506960509
"HLA-F",1.40933855270774e-08,-0.973927152997777,0.299,0.432,0.000285052815670668
"GUK1",1.77719351451885e-08,-0.792442590945282,0.373,0.497,0.000359455160246582
"ARHGEF18",1.82687383539826e-08,0.698523707443447,0.468,0.248,0.000369503501947651
"S100A11",2.02578498195168e-08,-1.48737639482325,0.224,0.366,0.000409735270449546
"CFLAR",2.63594060668039e-08,-1.31308329317584,0.136,0.27,0.000533145347107176
"MT-CO3",3.37557034016289e-08,-0.341550456219535,0.965,0.988,0.000682742857001347
"CAP1",3.74357062993739e-08,-1.19238097073029,0.269,0.407,0.000757174595611136
"ARF1",5.45285700348884e-08,-0.441522135992308,0.327,0.463,0.00110289485752565
"RAP1B",5.48165693997523e-08,-0.595104559573465,0.455,0.578,0.00110871993267939
"CD55",6.50523376715785e-08,1.299760115446,0.261,0.102,0.00131574858174535
"DHRS7",7.46888898163448e-08,-1.09633510604065,0.234,0.373,0.00151065748542539
"MT2A",8.78820177359931e-08,-1.32970682133347,0.196,0.326,0.0017775016907282
"PLAAT4",9.89103011141681e-08,-0.909556445366485,0.537,0.621,0.00200055975033516
"HNRNPA1",1.14302498774794e-07,0.24304720189595,0.937,0.898,0.00231188234021899
"BCL2",1.32046720650946e-07,1.05886530662787,0.4,0.217,0.00267077697188604
"PPIB",1.3440972754654e-07,-0.870322267136451,0.371,0.491,0.00271857114935631
"ENSG00000302206",1.69783786075809e-07,1.04327620617201,0.333,0.165,0.00343404685716931
"LINC-PINT",1.77490902583851e-07,-0.555604210163454,0.637,0.705,0.00358993099566096
"RPL27",1.79158626829566e-07,0.273393657062716,0.975,0.957,0.00362366238625481
"ZAP70",1.80981177685342e-07,-1.34314408441606,0.175,0.301,0.00366052529986372
"PPIA",1.86414640171199e-07,-0.702025854814229,0.689,0.748,0.00377042251210267
"SEC61B",2.2460728356206e-07,-0.854034372691552,0.218,0.351,0.00454290691732623
"PDIA3",2.89819928862282e-07,-1.21118771302955,0.284,0.407,0.00586189788116851
"ST13",3.52373572189169e-07,0.462424755661512,0.488,0.28,0.00712710787109814
"PSME1",4.39701269706774e-07,-0.253065552985044,0.66,0.724,0.00889339788108922
"EIF3H",4.57936484624576e-07,0.501462965377116,0.687,0.484,0.00926222333801668
"CKLF",5.08042807068724e-07,-1.06193611980188,0.133,0.255,0.010275673815772
"RPL23A",7.00080789506243e-07,0.148878734816791,0.994,0.994,0.0141598340485533
"GNG2",7.05557809127337e-07,-0.946202992169946,0.232,0.357,0.0142706122474095
"EEF2",7.15268137533893e-07,0.334428472169712,0.823,0.683,0.0144670133497605
"TOMM7",7.26590582726487e-07,0.416655016320094,0.831,0.686,0.0146960211262259
"NBDY",9.39565032390595e-07,1.02224029697197,0.276,0.127,0.0190036423451322
"HSP90B1",9.69750041811735e-07,-0.672895889980239,0.166,0.286,0.0196141643456841
"TAP1",1.20821426009263e-06,-1.16217413399588,0.15,0.264,0.0244373416246336
"BAX",1.26084860938125e-06,-1.15590282809593,0.177,0.286,0.0255019239733452
"PFDN5",1.34471509206324e-06,0.302352877405844,0.907,0.857,0.0271982074520712
"PGAM1",1.47646047469727e-06,-0.868246225420749,0.215,0.335,0.029862889561227
"CORO1A",1.64426415220362e-06,-0.410876548275129,0.73,0.792,0.0332568867424705
"TMEM50A",2.11271452373925e-06,-1.74143455005461,0.202,0.307,0.0427317639571501
"ST6GAL1",2.54556996407904e-06,-1.01938839428905,0.196,0.307,0.0514866980934626
"RPS4Y1",2.63427806354441e-06,0.354581950738111,0.918,0.863,0.0532809081132493
"EIF4A1",3.03540248660268e-06,-0.686232931755978,0.537,0.615,0.0613940506940257
"HSPA5",3.07577963581571e-06,-1.18709538611972,0.171,0.276,0.0622107189140086
"SEPTIN7",3.20290789557329e-06,-0.730463422728387,0.36,0.453,0.0647820150958653
"RPL6",3.26152201566549e-06,0.181370305422899,0.989,0.997,0.0659675442888502
"PRELID1",4.0193252433474e-06,-0.803628056618178,0.269,0.373,0.0812948723719445
"VCP",4.11107519849253e-06,-0.758034898644897,0.227,0.345,0.08315060696471
"GSTP1",4.14792561008777e-06,-1.10112804522081,0.191,0.298,0.0838959433896352
"IER2",4.7411284495784e-06,-0.731143972892762,0.523,0.599,0.0958940640211727
"RSL1D1",4.76380631911724e-06,0.726630440437708,0.404,0.227,0.0963527466104652
"CALR",4.78520107214634e-06,-1.06508093470923,0.183,0.295,0.0967854768852318
"COX5A",5.86916946374048e-06,-1.26834832354642,0.207,0.314,0.118709821573615
"RPS19BP1",6.13239827214723e-06,-1.01870205906096,0.163,0.27,0.12403388745245
"PICALM",7.05640641675033e-06,-0.967553410793374,0.144,0.252,0.142722876185192
"HINT1",7.45959461991264e-06,0.534129940170371,0.722,0.559,0.150877760782353
"ATP1B3",7.83091212241262e-06,-0.917912727628861,0.144,0.252,0.158388028587918
"SUN2",9.07213065628048e-06,-0.840766871139866,0.253,0.36,0.183492914653929
"HSP90AA1",9.85126378150246e-06,-0.628016304766475,0.472,0.547,0.199251661244669
"CD6",1.02577929033086e-05,0.825731546041845,0.275,0.14,0.207474119262321
"SAT1",1.0471620258049e-05,-0.774943355380265,0.267,0.373,0.211798991339298
"TMBIM6",1.07145865420118e-05,-0.452222934814783,0.491,0.568,0.216713227398731
"MT-CYB",1.18694773605114e-05,-0.385937612389541,0.932,0.932,0.240072049093703
"PSME2",1.18927992162833e-05,-0.458273606321103,0.406,0.525,0.240543756948546
"LITAF",1.26125157660673e-05,-1.04614475692741,0.351,0.444,0.255100743884477
"UBE2I",1.43820056027869e-05,-0.771048239442515,0.229,0.339,0.290890445321969
"DOCK10",1.5564505945008e-05,0.371069469233151,0.487,0.307,0.314807697243731
"COX7C",1.56044770810731e-05,0.403644888484213,0.76,0.624,0.315616153441784
"MCUB",1.63641424267603e-05,0.533222528747437,0.469,0.289,0.330981144723653
"TGFBR2",1.78445816704129e-05,1.07902593514213,0.256,0.13,0.360924508865771
"PTPN4",1.94536234391553e-05,-1.06006047048919,0.153,0.252,0.393468987680354
"TRAT1",1.99981943182883e-05,0.773366680404391,0.288,0.152,0.404483478281699
"PTMA",2.07004679782726e-05,0.199051310314477,0.986,0.975,0.418687665328542
"IL2RG",2.12959733335811e-05,-0.681150851474445,0.428,0.509,0.43073235664501
"SELENOT",2.34139506695614e-05,-0.86293652401063,0.248,0.339,0.473570566242549
"ARF6",2.54905520325317e-05,-0.425488392648889,0.284,0.376,0.515571905409987
"SNHG7",2.77220876080197e-05,0.71258740880121,0.31,0.165,0.560706943959806
"PRKCH",2.78297973495265e-05,-0.512256706607992,0.517,0.575,0.562885481191523
"SRSF5",3.04687785151071e-05,0.435777262419649,0.788,0.64,0.616261514246556
"HNRNPA3",3.09244027958178e-05,-0.76257449478261,0.261,0.357,0.62547697094821
"SNHG6",3.24048105195918e-05,0.458900654473704,0.585,0.419,0.655419697569264
"COPE",3.24808786814607e-05,-0.728541327552569,0.313,0.413,0.656958252211223
"SNRPB",3.36684494090571e-05,-1.01727331722088,0.27,0.36,0.680978057747588
"RASSF5",3.39590182397951e-05,-0.849429223267014,0.166,0.264,0.686855102918095
"GYPC",3.70136451477146e-05,0.590862136644572,0.445,0.286,0.748637986757676
"IFITM1",3.81256555936592e-05,-0.266874425516016,0.919,0.929,0.771129510037351
"PPA1",4.19122733898634e-05,0.672723349790014,0.403,0.248,0.847717641583376
"RHOA",4.21541130960498e-05,-0.525806800071439,0.387,0.469,0.852609091480704
"RHOH",4.61896175927523e-05,0.52529031774404,0.524,0.351,0.934231205431008
"ARL6IP5",4.83625912466156e-05,-0.481987645110739,0.392,0.472,0.978181770554046
"RNASET2",5.36414603384216e-05,0.963836600367412,0.412,0.27,1
"ENO1",5.71011807207548e-05,-0.307691325892692,0.457,0.537,1
"PPP3CC",6.16273238768325e-05,-0.714232249364561,0.283,0.376,1
"CDC37",6.61176900768964e-05,-1.36458117872594,0.179,0.276,1
"RAPGEF6",6.71955501035514e-05,1.06172674158169,0.286,0.158,1
"PCED1B",6.81889792700617e-05,0.889633819382068,0.359,0.217,1
"COX4I1",7.58011101877408e-05,0.286194866808402,0.905,0.832,1
"CYTIP",8.00939686438738e-05,0.632403870085681,0.441,0.289,1
"PARK7",8.0786345895112e-05,-0.591769186770528,0.398,0.463,1
"NFKBIA",8.39766225055865e-05,-0.985734575575408,0.275,0.363,1
"SDHC",8.73779860073116e-05,-0.921809290297026,0.177,0.267,1
"PTPRC",0.000102616986095633,-0.403882755822201,0.528,0.578,1
"STAT3",0.000107280574921859,0.30985397392754,0.373,0.236,1
"CD3D",0.00010896718943664,-0.291833080560311,0.848,0.863,1
"RAB5IF",0.00011524645064066,-0.978560085248345,0.175,0.267,1
"BST2",0.000123323774893497,-0.617806526719478,0.28,0.379,1
"MT-ND2",0.000131132863638366,-0.376607589810682,0.916,0.913,1
"XBP1",0.000141717629810784,-0.779416181591253,0.232,0.329,1
"EIF2S3",0.000143211954497574,0.681609574164925,0.264,0.143,1
"ARL4C",0.000149031591490375,-0.886287693392837,0.194,0.28,1
"FXYD5",0.000159957351912457,0.356608410606627,0.749,0.584,1
"CALM2",0.000160707023525988,-0.568211172846118,0.428,0.478,1
"STAT4",0.000168389534623686,-0.60347560520272,0.253,0.345,1
"UCP2",0.000181808482492518,-0.471757237787191,0.433,0.522,1
"RPL26",0.000225221884321109,0.130121426224832,0.983,0.994,1
"SF1",0.00023000143223005,0.813762457396684,0.344,0.214,1
"CD52",0.000231065293224081,-0.24676839621102,0.893,0.876,1
"PSMA7",0.000232042251103213,-0.42728307573467,0.439,0.506,1
"AAK1",0.000242383375488629,0.403879369354098,0.42,0.27,1
"IQGAP2",0.000249486566807069,-0.623509350800657,0.229,0.323,1
"MEAF6",0.000252054633635901,-0.670460783094075,0.235,0.317,1
"RPS26",0.000256433673193044,0.184578211522707,0.957,0.913,1
"BTF3",0.000290514184363848,0.316357545401137,0.904,0.835,1
"PSMB6",0.000320761913836296,-0.252162095201907,0.183,0.258,1
"MT-ND5",0.000345136676394589,-0.520510232685053,0.39,0.463,1
"RNASEK",0.00034521712945296,-0.839864283045293,0.357,0.438,1
"KRTCAP2",0.000360625656082232,-0.722488370035911,0.281,0.366,1
"PACS1",0.000369229263110346,0.265231248409903,0.419,0.283,1
"RHOG",0.000369946622796035,-1.0496818261407,0.216,0.298,1
"IRF1",0.000399211325514195,-0.65469554209556,0.234,0.32,1
"PRR13",0.000405590271237915,-0.565085286708328,0.37,0.444,1
"BIRC6",0.00041774107312008,-0.753009812367925,0.175,0.258,1
"PRKCB",0.000425315472006275,-0.689423323800568,0.261,0.342,1
"ENSG00000294512",0.000431214296928119,0.291690844329532,0.774,0.63,1
"HMGB1",0.00043708223645804,-0.409478074543386,0.608,0.652,1
"GADD45B",0.000466036262984508,-0.88096822503424,0.18,0.261,1
"LPP",0.000479234348456662,-0.748023671585552,0.167,0.252,1
"OSTF1",0.00051913489219322,-0.675137389390114,0.22,0.298,1
"IGBP1",0.000534335572357224,0.643744159943266,0.314,0.189,1
"DYNLL1",0.000613493882357077,-0.831727972859313,0.197,0.276,1
"MBP",0.000621250372068324,-0.454047968088539,0.174,0.261,1
"CYRIB",0.000693116393462696,-0.448179609924256,0.355,0.432,1
"H3-3B",0.00072832544126942,-0.317712806751997,0.937,0.929,1
"MSN",0.000728476727704894,-0.735919710209273,0.21,0.289,1
"WIPF1",0.000734962243746074,-0.510448596872279,0.254,0.335,1
"TOMM20",0.000742079481203982,0.643342770427345,0.316,0.202,1
"CD2",0.000789460866426211,-0.311268678905755,0.422,0.475,1
"RPL39",0.000815453692691574,0.573883532171079,0.51,0.398,1
"KMT2E",0.000842230198282629,-0.548693409013161,0.373,0.438,1
"TERF2IP",0.000844104020994224,-0.68676892614409,0.242,0.32,1
"LY6E",0.000880781198951353,-0.289615667000217,0.502,0.568,1
"BBLN",0.000915784343818531,-0.809219483308798,0.31,0.373,1
"TUBA1A",0.000923868743956052,0.544380330443561,0.425,0.295,1
"CHCHD2",0.000933501906043125,-0.314131696280756,0.652,0.677,1
"WDR83OS",0.00102063525882684,-0.488604805412731,0.205,0.283,1
"PIK3R5",0.00103544459040804,-0.571969717151859,0.253,0.329,1
"IRF9",0.00104868637051557,-0.583064664893179,0.237,0.32,1
"SCP2",0.0010641660039301,-0.881828323118254,0.185,0.255,1
"TRAF3IP3",0.0010699765584421,0.585937093357439,0.613,0.481,1
"RAB2A",0.00108252318894272,-0.641835539478985,0.237,0.314,1
"TUBA4A",0.00110992155695905,-0.618342076680817,0.262,0.329,1
"TMEM131L",0.00111751130948057,1.07842490978611,0.276,0.174,1
"CCDC85B",0.00115412353399485,-0.455751390769773,0.273,0.354,1
"LDHA",0.00116360769952999,-0.722348983655076,0.395,0.441,1
"PRDX1",0.00117374533581679,-0.417196572758432,0.207,0.283,1
"NDUFB7",0.00118163287237474,-0.824736522537475,0.188,0.258,1
"DBI",0.00118624789335269,-0.736530096261731,0.239,0.304,1
"BABAM2",0.00119420825545794,-0.748233035276945,0.182,0.255,1
"LIMD2",0.00120417930207677,0.54226538360354,0.662,0.516,1
"USP15",0.00125323277751905,0.866565313381248,0.34,0.214,1
"PSIP1",0.00132247616757865,0.634983661779476,0.275,0.168,1
"ADGRE5",0.00138739638742711,-0.453699075956701,0.425,0.509,1
"HMGN1",0.00143228780924186,0.523825116992227,0.566,0.435,1
"ANP32B",0.0014561792803269,0.477676195689498,0.45,0.317,1
"RAB11A",0.0015459865574019,0.103047727545925,0.392,0.264,1
"TMED9",0.00167227068746381,-0.638156370102717,0.215,0.28,1
"YWHAB",0.00167394110658025,-0.303223252261321,0.423,0.481,1
"EEF1D",0.00168842984500025,0.16597279039732,0.949,0.947,1
"UTRN",0.00177600300576678,-0.413946084795524,0.221,0.295,1
"STK17B",0.00188314061884049,0.485788139115096,0.521,0.37,1
"AKAP13",0.00188558514306289,-0.640792345002772,0.272,0.342,1
"ARPC3",0.00194269268832224,-0.472533676154502,0.657,0.649,1
"H3-3A",0.00201897425940665,-0.472100035618322,0.588,0.612,1
"ATP5F1B",0.00205188138780799,-0.61365246801113,0.261,0.323,1
"SMDT1",0.00210037183755481,0.750600346314985,0.403,0.276,1
"SPCS2",0.00212900206709582,-0.755561068499794,0.264,0.329,1
"CD47",0.00229440088348343,-0.690063511377682,0.239,0.295,1
"WDR1",0.00242767752648215,-0.424895948200528,0.193,0.255,1
"ZFAS1",0.00247814700074671,0.333538784247521,0.643,0.506,1
"MT-ND4",0.002692367155822,-0.175579415297611,0.964,0.957,1
"TMEM59",0.00273553675628763,-0.545884030901813,0.349,0.41,1
"PPP1R15A",0.00281287206927655,0.455698982436066,0.362,0.245,1
"SELENOF",0.00295577672527878,-0.505631072154141,0.24,0.307,1
"EIF3F",0.00297394999599944,0.380981756002998,0.66,0.553,1
"ARPC4",0.00298454413700671,-0.283321758493812,0.242,0.301,1
"MCL1",0.00308198109816308,-0.619308067085218,0.37,0.416,1
"SF3B5",0.00336417433885486,-0.485628985289232,0.305,0.363,1
"DSTN",0.00337140084813828,-0.645919859086872,0.188,0.252,1
"BTG2",0.0034688412847019,0.554980729727654,0.419,0.307,1
"PDE7A",0.00352385768682661,0.654194160222463,0.258,0.165,1
"XRCC5",0.0035903019875131,-0.317784183893843,0.235,0.298,1
"COMMD6",0.00374236899855833,0.381744543135912,0.649,0.531,1
"SBDS",0.0037765589976803,0.466768980402097,0.261,0.161,1
"STX8",0.00392309583787874,-0.552569633514732,0.199,0.267,1
"CORO7",0.00399581039222806,0.524895978146762,0.329,0.22,1
"RIPOR2",0.00400738220934531,0.392968618255724,0.705,0.575,1
"SH3KBP1",0.00408133116649222,-1.23752825369922,0.283,0.339,1
"FNBP1",0.00411513021935978,-0.660201242873034,0.344,0.41,1
"STK10",0.00425158446436789,-0.670649476303493,0.216,0.28,1
"ESYT2",0.00427822038046808,0.374516434944669,0.275,0.174,1
"RALY",0.00445870636066373,-0.578351392107481,0.22,0.276,1
"CCNI",0.00501005100866518,0.322197312529805,0.682,0.531,1
"YPEL5",0.00505314112454054,0.511901674267422,0.393,0.28,1
"RORA",0.00513121457477878,-0.90212898810222,0.232,0.307,1
"SRSF3",0.00534620229576456,-0.364899978972685,0.433,0.484,1
"SSR2",0.00550302669880516,-0.438731336394263,0.605,0.624,1
"FCMR",0.00552582813199392,0.50890344084562,0.272,0.177,1
"LCK",0.0061261891719414,-0.308752790185746,0.528,0.581,1
"SRSF7",0.00640650855988375,-0.328991065974901,0.49,0.522,1
"AURKAIP1",0.00683292119563737,-0.562450221721737,0.213,0.27,1
"EIF4B",0.00698856648634513,0.441829624661524,0.273,0.189,1
"EPB41",0.00708262292783397,0.536369544343399,0.351,0.248,1
"C12orf57",0.00717559314122203,0.363439640496525,0.436,0.323,1
"EVI2B",0.00735048836132984,0.52325079449843,0.275,0.18,1
"SQSTM1",0.0076504895378344,-0.538634480075784,0.204,0.261,1
"PSMB3",0.00787781236887194,-0.555341775401185,0.242,0.295,1
"NDUFB10",0.00798818985478605,-0.223365386086335,0.246,0.295,1
"GIMAP5",0.00856500144019626,0.116597301527337,0.406,0.298,1
"RAC2",0.00872287578251504,-0.115913379367277,0.575,0.602,1
"HNRNPK",0.00886099962317631,-0.331108003630161,0.449,0.475,1
"TUBB",0.0089138668183852,-0.528776124856993,0.269,0.326,1
"CHURC1",0.00897889121320951,0.481288736900472,0.256,0.168,1
"UBAC2",0.00934695183904107,0.62492084836885,0.329,0.227,1
"UBE2L6",0.0098159140869514,-0.645608574788373,0.196,0.252,1
"SIK3",0.0102367109705745,-0.711191135013261,0.415,0.441,1
"ATP6V0E1",0.0103911706348965,-0.580992973818805,0.485,0.516,1
"GPSM3",0.0104301039942606,-0.232206151371766,0.64,0.528,1
"S1PR4",0.0109452256186983,-0.817386138676721,0.25,0.301,1
"EIF4A2",0.011216530418072,0.29822302233531,0.728,0.618,1
"PSMD8",0.0116293417445598,-0.546508282617689,0.218,0.27,1
"RASGRP2",0.0118153911641934,0.457033005153076,0.251,0.168,1
"SEMA4D",0.0119135798207625,0.553787439644531,0.259,0.171,1
"TNRC6C",0.0123938707910772,0.333163309621017,0.25,0.158,1
"SOD1",0.0124886667562376,0.376689990898008,0.591,0.463,1
"GHITM",0.0130887355693646,-0.543729555999259,0.31,0.348,1
"EIF5",0.0134877754445502,-0.300461832625213,0.234,0.276,1
"ZFP36",0.0137668401658246,-0.302477015967637,0.54,0.565,1
"MRPS21",0.0143572755454308,0.708079807782213,0.278,0.193,1
"ATP5PD",0.0144507849929802,0.25728167379311,0.348,0.252,1
"PSMB1",0.0147139466503082,-0.34979027044948,0.389,0.416,1
"BUB3",0.0150954641249191,-0.559998933063577,0.21,0.261,1
"ELF1",0.0151462632802641,0.137680003588857,0.303,0.205,1
"CHMP4A",0.015228642976863,-0.683150535247887,0.256,0.307,1
"TMEM14B",0.015671883287752,0.4149850340625,0.283,0.189,1
"SEPTIN9",0.0158340193559322,0.331719458443736,0.385,0.276,1
"ATP5PO",0.0160148006961879,0.342581296764605,0.442,0.332,1
"LMAN2",0.0162726995437183,-0.79464242637663,0.201,0.252,1
"ENSA",0.0166446620681882,-0.261801851749239,0.318,0.366,1
"CHST11",0.0166845224956886,-0.505370834864515,0.226,0.283,1
"SMCHD1",0.017490895442843,0.640412373516839,0.378,0.276,1
"YBX1",0.0180950578888449,-0.354068042842955,0.746,0.73,1
"ST3GAL1",0.0187355161326538,-0.393352738344259,0.259,0.174,1
"TECR",0.018936493400364,0.34028946292423,0.324,0.227,1
"TAOK3",0.0192878885052273,-0.614100809548422,0.227,0.27,1
"SRP14",0.0194706149773052,-0.531301052776342,0.736,0.714,1
"ACTR3",0.0195664544955276,-0.230150346660066,0.385,0.416,1
"PPP1R2",0.0198334485389659,0.57024995302574,0.384,0.283,1
"CD37",0.0211207190204788,0.208261789912652,0.664,0.547,1
"TPM3",0.021856764486538,-0.330276934638458,0.343,0.382,1
"NSA2",0.0221426957380614,0.342996473213433,0.251,0.171,1
"HNRNPA2B1",0.0222180104917832,-0.208831071533673,0.58,0.578,1
"SRSF2",0.0223896359787071,-0.271649254519663,0.354,0.391,1
"CD7",0.0231441636115328,0.183243139712737,0.592,0.453,1
"HNRNPM",0.0243526555865183,-0.696967229834573,0.314,0.351,1
"HIGD2A",0.024789235017076,0.274035713263143,0.414,0.311,1
"BTN3A2",0.0248485144683089,-0.598395622354531,0.21,0.261,1
"YWHAZ",0.0256185168801183,0.36947197193197,0.373,0.276,1
"EML4",0.0273028203284369,-0.584095927656659,0.232,0.276,1
"TXNIP",0.0284126096474068,-0.508037548592846,0.708,0.696,1
"EIF3L",0.0285000535790836,0.254747950727274,0.493,0.376,1
"SEPTIN6",0.0290498325564691,0.361868354529866,0.376,0.276,1
"TAGAP",0.0303555238517086,0.311215226204458,0.253,0.18,1
"TPI1",0.0310749093814254,-0.330656358418592,0.33,0.363,1
"LIME1",0.0313386733369642,-0.222751627746473,0.487,0.512,1
"HMGN4",0.0320816817616927,-0.426397276427945,0.216,0.261,1
"RBM3",0.032211442892875,-0.615230413300022,0.578,0.575,1
"TLE5",0.0346732093410588,0.239540549781642,0.635,0.503,1
"PCED1B-AS1",0.0347811157920086,0.262841934061358,0.731,0.63,1
"ADK",0.0358165312916091,0.17448772726945,0.311,0.214,1
"NEDD8",0.0369445570124564,-0.318482364552253,0.417,0.435,1
"JTB",0.0381417163183616,-0.666536212630611,0.344,0.37,1
"CDC42",0.0381564048588114,-0.38531497690219,0.341,0.363,1
"MT-CO2",0.0390235956303431,-0.259530596400889,0.878,0.863,1
"EID1",0.0399115205849032,-0.558757646446426,0.329,0.366,1
"ARHGEF3",0.0406836647870896,0.201712962841266,0.278,0.205,1
"DDX5",0.0410638311691826,-0.103830605201707,0.858,0.866,1
"ATP5F1E",0.0415283941277281,-0.229389812187601,0.697,0.696,1
"EVL",0.0449540191598288,0.283782218180481,0.682,0.584,1
"ANAPC16",0.0458293226185584,0.296770442451727,0.588,0.475,1
"RNF213",0.0459911723866926,-0.449821891100412,0.243,0.28,1
"CD247",0.0475620152623764,-0.265657253890764,0.572,0.565,1
"TMEM258",0.0476572539993014,-0.354389099089632,0.288,0.317,1
"ANXA7",0.0483439246940067,-0.260084165092055,0.265,0.304,1
"WWOX",0.0486841123550763,-0.155571368890229,0.209,0.252,1
"UBL5",0.0496040969614617,-0.493785765810352,0.36,0.376,1
"STK4",0.0500238777780051,0.407112278978051,0.39,0.307,1
"SELENOH",0.0506727712536939,0.21092206404934,0.395,0.304,1
"ASH1L",0.0512396467733472,0.378298731871185,0.27,0.205,1
"SKAP1",0.0516853321550198,-0.153781670353085,0.542,0.55,1
"SSR4",0.0522555900206703,-0.260076316398652,0.513,0.503,1
"PLP2",0.0523626226234421,0.319163829364313,0.273,0.199,1
"EZR",0.0525132180117169,-0.279169564398856,0.344,0.373,1
"SAP18",0.0537225470766541,-0.670384148859152,0.428,0.432,1
"OST4",0.0537504559315179,-0.179848892993493,0.562,0.565,1
"MZT2B",0.0555951759334129,0.298470561516558,0.431,0.329,1
"FKBP8",0.0561271211850373,-0.354541103977865,0.259,0.292,1
"IL7R",0.0565002922235519,0.162972604797911,0.605,0.475,1
"MT-ATP6",0.0566269435204923,-0.450622226147931,0.724,0.693,1
"GTF3A",0.0572824164763249,-0.309092822205118,0.501,0.503,1
"GABARAPL2",0.059355071742394,-0.412372396797252,0.292,0.32,1
"RWDD1",0.0603792872380325,0.244748789445957,0.275,0.199,1
"SELENOK",0.0620241971479646,-0.47972735065921,0.237,0.267,1
"NFATC3",0.0623603783652483,-1.39481966552869,0.231,0.261,1
"AKT3",0.063688057738167,-0.488965878061057,0.246,0.283,1
"PTGES3",0.0654722910201811,-0.393847916160415,0.427,0.435,1
"JAK1",0.0667126391225652,-0.126653210190807,0.269,0.301,1
"C19orf53",0.0680960456431329,0.46006004347535,0.392,0.301,1
"GRAP2",0.0706366453104627,-0.788953090759157,0.258,0.28,1
"SNHG8",0.070767624382229,0.492906804341124,0.306,0.233,1
"SEC11A",0.0709556981096565,-0.398338228228177,0.234,0.264,1
"RAB7A",0.0727402161348637,-0.440521107573329,0.299,0.32,1
"ARIH1",0.0740008046008497,-0.149536882445356,0.313,0.239,1
"TMBIM4",0.0742000115230105,-0.47606685496755,0.226,0.261,1
"TMC8",0.0757828906944309,0.278873094264237,0.387,0.307,1
"ANXA2R",0.0800215408728491,-0.496644880862647,0.232,0.258,1
"MICOS10",0.0805270619898462,0.128836932705206,0.27,0.202,1
"TNRC6B",0.080655976411678,0.256273181783342,0.389,0.301,1
"LRBA",0.0815743142813528,-0.543757733154997,0.232,0.255,1
"PCNP",0.0834093616318223,0.405654207894043,0.273,0.208,1
"PNRC1",0.0855324863882999,0.409189388958382,0.553,0.457,1
"COX7A2",0.0859205732738547,-0.355292682126337,0.349,0.376,1
"GNAS",0.0859895471838877,-0.495110965192635,0.248,0.283,1
"CUTA",0.0861834190140874,0.477927503537477,0.461,0.36,1
"PHF20",0.0863642501964815,0.237068690754533,0.302,0.227,1
"STK17A",0.0869021372262133,-0.108939937248504,0.485,0.506,1
"RBMX",0.0886899781757978,0.487115902799867,0.414,0.323,1
"DDX24",0.0897732177432849,0.506743422683849,0.265,0.202,1
"FKBP1A",0.0904263474703071,0.23764907707545,0.314,0.242,1
"UFC1",0.0908592937644582,-0.445405655332598,0.332,0.351,1
"HCLS1",0.0951236014103595,-0.444772712195571,0.318,0.323,1
"RNF149",0.0961790391901288,-0.239817343063387,0.246,0.283,1
"ZBTB20",0.096961832980215,0.127564308055524,0.43,0.354,1
"BRK1",0.0993208520901953,-0.7766130484985,0.406,0.413,1
"CELF2",0.100269574540682,-0.264511229916133,0.483,0.488,1
"ISG20",0.102010388950077,-0.277863249999424,0.507,0.481,1
"VIM",0.102545239368952,0.190010642717786,0.774,0.708,1
"CAPZB",0.103904620916655,-0.113054825024881,0.536,0.525,1
"PSMB7",0.104770234864075,-0.367199542929715,0.262,0.283,1
"PLAC8",0.105273127319201,-0.4138670288161,0.398,0.404,1
"SMYD3",0.105386888299429,-0.319060549898753,0.306,0.335,1
"HNRNPF",0.10557509192508,-0.464738790675545,0.34,0.348,1
"POLR2L",0.106525360471446,-0.260453107832319,0.27,0.301,1
"ATP5MC3",0.1072389824666,-0.187107635747105,0.341,0.357,1
"DNAJB6",0.107953552165401,-0.389091897084679,0.226,0.255,1
"MPHOSPH8",0.109250395399294,0.183487115482655,0.264,0.199,1
"ECH1",0.112442471241008,-0.368326086968889,0.235,0.258,1
"SRSF10",0.113402196907098,0.32557968803279,0.333,0.267,1
"ZNF706",0.118008604183935,0.205598412985985,0.256,0.193,1
"TTC39C",0.119369338647512,0.415563673323796,0.351,0.283,1
"COX6A1",0.120221844314753,-0.348283304911309,0.395,0.398,1
"NCOR1",0.120230457538241,-0.10288332216528,0.311,0.339,1
"PRDX5",0.125265339928831,-0.893756003248511,0.24,0.258,1
"CALM3",0.127151956140816,0.148331745045445,0.348,0.273,1
"NDUFB8",0.128906014710163,-0.213376691299525,0.422,0.413,1
"TRIR",0.134382406375279,-0.300393993514845,0.567,0.537,1
"SNRPN",0.135685425475505,0.261884820209633,0.319,0.248,1
"UBE2V1",0.136313910916181,-0.410467453832706,0.265,0.283,1
"RBM8A",0.137697294874558,-0.28819815446636,0.25,0.276,1
"CNBP",0.143055111400601,0.144584236028517,0.695,0.59,1
"COX8A",0.143834043336405,-0.254785895042095,0.278,0.301,1
"SERP1",0.143909452176281,0.166492349735676,0.477,0.398,1
"ADD3",0.14443394894112,0.187347248979853,0.291,0.22,1
"PSMB10",0.146074444714314,-0.34636522815038,0.355,0.357,1
"UXT",0.149515900081884,0.3138267499206,0.464,0.382,1
"CSDE1",0.149789994695731,0.216917525183097,0.314,0.252,1
"CCDC88C",0.149940812971672,-0.248172949724724,0.229,0.255,1
"KLF12",0.154924905853303,-0.168091562527878,0.499,0.484,1
"CCM2",0.15668430207258,0.447783437466036,0.267,0.214,1
"CXCR4",0.161335499214422,-0.1523832209795,0.684,0.661,1
"TNFAIP8",0.166080981367622,0.141056619239173,0.412,0.339,1
"KLF2",0.166492901365216,0.225411092530901,0.616,0.534,1
"ELMO1",0.166799938555882,0.289246687439868,0.265,0.205,1
"AP2M1",0.167449861490068,-0.379136479168042,0.262,0.273,1
"SPCS1",0.178399613639019,-0.294832787041525,0.397,0.394,1
"TSTD1",0.182671578665433,0.203264184593525,0.251,0.196,1
"DNAJB1",0.184106909779076,0.269406266247235,0.398,0.326,1
"ACAP1",0.185564607220362,0.351643727520492,0.398,0.32,1
"LINC01619",0.186812152551259,0.2088214632354,0.37,0.295,1
"UQCRC2",0.189814418782881,0.225403410169628,0.302,0.239,1
"MGAT4A",0.199216978588444,0.221669294913795,0.275,0.22,1
"PAIP2",0.20074005973215,-0.232516630622007,0.346,0.351,1
"ITK",0.203462112797057,-0.552494394396586,0.292,0.233,1
"COX5B",0.206536119430435,-0.185460095174813,0.395,0.394,1
"UBXN1",0.206895120482462,0.189338532642346,0.482,0.391,1
"RABAC1",0.213887298065604,-0.377781042713312,0.275,0.286,1
"SRSF4",0.216519851748176,-0.235792361600424,0.258,0.28,1
"ELOB",0.229135540590593,-0.143251445494289,0.385,0.388,1
"C11orf58",0.2323464628743,-0.172675679646842,0.417,0.398,1
"U2AF1",0.232540405063526,0.138159944048336,0.408,0.332,1
"TRMT112",0.241147978696998,-0.206655500056291,0.349,0.354,1
"CD164",0.241289379275241,-0.104607101954225,0.294,0.301,1
"NDUFS5",0.241568617682974,0.272446044398202,0.415,0.348,1
"MORF4L1",0.242014974086886,0.180940572659349,0.515,0.429,1
"GLRX",0.262754245261667,-0.398840404493185,0.264,0.276,1
"ATP6V1G1",0.264658544525273,0.231169173714689,0.597,0.503,1
"PITPNC1",0.264681151407071,-0.221509083196269,0.455,0.447,1
"BCAS2",0.265669397199447,0.284371368561213,0.3,0.258,1
"TCF25",0.275563851144356,-0.238604722876151,0.245,0.261,1
"ERH",0.284087765700946,-0.187433372965802,0.303,0.304,1
"TMEM230",0.284529714991796,-0.611278769367211,0.299,0.301,1
"ATP6V1F",0.30469671348482,-0.234356751608595,0.235,0.252,1
"CCND3",0.309362193536455,0.132874790024157,0.728,0.668,1
"UBE2L3",0.312495053327791,-0.133881371705872,0.275,0.276,1
"UQCRH",0.322464199490109,-0.406482129222152,0.385,0.385,1
"NDUFA13",0.334903245115658,-0.345162142017137,0.381,0.379,1
"ARHGDIB",0.34291290544229,-0.162728925826857,0.918,0.845,1
"TRBC2",0.346675645742859,-0.139720744783566,0.728,0.702,1
"CD69",0.353712834444462,0.215869532337074,0.518,0.463,1
"UBE2D3",0.355560547605686,-0.336822014028449,0.577,0.559,1
"NDUFB11",0.360384284110295,-0.152426829052343,0.318,0.32,1
"RAC1",0.364568303508673,-0.36222216361083,0.243,0.252,1
"SP110",0.376410593196934,0.113577150470716,0.284,0.236,1
"ISG15",0.380954212993334,-0.117977001787533,0.267,0.28,1
"SYTL3",0.384148249172057,0.195223045221189,0.376,0.32,1
"CYTH1",0.384911538561976,0.181546830963792,0.31,0.264,1
"CDC42SE2",0.387538850313817,-0.117886910229548,0.559,0.547,1
"MYLIP",0.393018522826102,-0.153162103967132,0.281,0.276,1
"SUMO1",0.394098959237816,-0.752650828712884,0.265,0.261,1
"BIN1",0.396966406503689,-0.138284005015265,0.294,0.289,1
"LAT",0.400292257871774,-0.16907895838132,0.313,0.317,1
"EIF3K",0.416560512919886,0.190737071943299,0.725,0.646,1
"APBB1IP",0.424673889665913,-0.255307342264898,0.397,0.376,1
"GMFG",0.441597635804456,-0.436228833202409,0.648,0.596,1
"CCDC91",0.4443185521137,-0.415179144436696,0.259,0.267,1
"ICAM3",0.447205841180239,-0.233667268214985,0.335,0.329,1
"ABRACL",0.461654394784514,0.365882097059105,0.273,0.236,1
"SH3BGRL",0.463665166853895,-0.118912951895718,0.349,0.332,1
"COX6C",0.467235695249406,0.228746281813969,0.482,0.419,1
"SORL1",0.470294913249653,0.157611799871666,0.258,0.214,1
"DNAJA1",0.473833574654137,-0.196358261685229,0.306,0.298,1
"PGK1",0.473963083385645,-0.306459858263348,0.444,0.373,1
"KRT10",0.486438782339919,-0.478811516334199,0.262,0.255,1
"EIF4G2",0.489308137544206,-0.590240235826217,0.265,0.217,1
"ATP5IF1",0.490983418417243,-0.206759224409501,0.297,0.298,1
"KHDRBS1",0.492565391585892,0.193842968386719,0.283,0.239,1
"COTL1",0.495049055892492,-0.474216201312616,0.42,0.398,1
"OCIAD2",0.504961553701838,-0.105478100600431,0.321,0.273,1
"TOMM6",0.50692816557698,-0.112729254348883,0.341,0.323,1
"SRP9",0.512835045154143,0.266023953027251,0.354,0.342,1
"CIRBP",0.515170668735071,-0.266814035103224,0.742,0.689,1
"ATM",0.521220423601908,-0.140341321408323,0.318,0.261,1
"CD3G",0.524712436393498,-0.341075967862702,0.355,0.323,1
"MTDH",0.525225757464282,-0.189106144846095,0.292,0.283,1
"NDUFA1",0.527118304741514,-0.104908166048691,0.262,0.264,1
"SP100",0.530025649860974,-0.199548598217336,0.381,0.36,1
"FAM107B",0.530525725103037,0.151894928944638,0.314,0.267,1
"CARD11",0.537428702655669,-0.421335126415202,0.264,0.255,1
"ARL6IP4",0.545155053795488,-0.136897584221537,0.411,0.398,1
"ARPC5",0.54561199786568,-0.214009927180598,0.442,0.401,1
"SON",0.549831809817107,-0.141604575835913,0.348,0.335,1
"VAPA",0.568533178820089,-0.171815450897326,0.258,0.224,1
"NDUFV2",0.569496665805613,-0.192896895706898,0.254,0.22,1
"PDCD4",0.569880922521061,-0.132790487152845,0.256,0.261,1
"DYNLT1",0.582356489983244,-0.227829281227616,0.314,0.28,1
"ARHGEF1",0.601817479341654,-0.100319462352183,0.258,0.217,1
"VAMP2",0.603934045011276,-0.148105650339075,0.521,0.478,1
"DRAP1",0.619656479781479,-0.340007831327171,0.384,0.363,1
"CSTB",0.631632154234025,-0.334384104862726,0.251,0.242,1
"NDUFB2",0.63389589667162,-0.12163822398649,0.294,0.28,1
"HNRNPA0",0.652166837627016,0.25098320419409,0.46,0.401,1
"UQCR10",0.654260993926411,-0.168889582752317,0.289,0.28,1
"RBL2",0.654978504677676,-0.168617681196492,0.269,0.23,1
"SUMO2",0.655046865375119,-0.20002541218305,0.566,0.5,1
"EDF1",0.656330414653254,-0.187072558294133,0.616,0.543,1
"SUB1",0.656860944317158,-0.33367156087229,0.265,0.255,1
"ANXA11",0.66930330921245,-0.516728068721688,0.259,0.248,1
"RBM39",0.67169084967368,0.153416761639838,0.518,0.46,1
"TBRG1",0.677770304975663,-0.117343448296178,0.286,0.276,1
"PCBP1",0.694960570358715,-0.171144190144243,0.365,0.342,1
"SELENOW",0.700171745436872,0.132619727012752,0.272,0.233,1
"CIB1",0.70104501061013,-0.127170290287417,0.398,0.357,1
"CMPK1",0.703543328597779,-0.336607565554973,0.441,0.41,1
"MBNL1",0.712251931633464,0.172022435156896,0.657,0.599,1
"THEMIS",0.717045174878561,0.235475529468063,0.344,0.301,1
"MZT2A",0.724343087342949,-0.361289488943261,0.291,0.255,1
"JAML",0.726533881371431,-0.127477901343307,0.272,0.239,1
"CITED2",0.731137186211998,-0.181785144963669,0.262,0.236,1
"C1QBP",0.73621227306889,-0.288891487913186,0.37,0.317,1
"SNX3",0.749408091728828,0.153271094478354,0.305,0.28,1
"ATP5MC2",0.76936839854525,-0.202958580802143,0.777,0.717,1
"GABARAP",0.780792490630271,0.248861813848313,0.58,0.525,1
"SYF2",0.785531366277398,0.220972056257801,0.322,0.292,1
"RANBP1",0.789733339781791,-0.133127139711351,0.265,0.236,1
"CSNK2B",0.794872467124671,-0.471831772418803,0.254,0.224,1
"PCBP2",0.807093030471052,-0.120542826692326,0.482,0.422,1
"UQCRFS1",0.808309220507796,0.145645630149625,0.258,0.245,1
"VPS28",0.815920454051712,-0.627172310858106,0.297,0.264,1
"XRCC6",0.818895290120424,-0.33167598353922,0.352,0.329,1
"CD48",0.827281636423335,0.334934620054202,0.681,0.643,1
"PRMT2",0.830119960186794,-0.387636830714372,0.363,0.339,1
"H2AZ1",0.831984381909395,0.27573947641394,0.341,0.311,1
"RAP1A",0.833907615046284,-0.208784270204228,0.359,0.314,1
"JMJD1C",0.843994929912373,0.107166069638703,0.292,0.27,1
"EIF3M",0.863837470378928,0.114988271731746,0.367,0.323,1
"FUS",0.864826752145225,-0.787719405053942,0.311,0.283,1
"VAMP8",0.877319355562669,-0.598267953379554,0.393,0.351,1
"TNIK",0.900296359159864,-0.118543932084948,0.289,0.264,1
"SLC25A3",0.906758374904401,-0.11266434491844,0.466,0.419,1
"EIF3D",0.912294768613814,-0.248633266393721,0.423,0.382,1
"GIMAP1",0.914569351324566,-0.17789977669326,0.352,0.317,1
"MIF",0.918342698932631,-0.105268764459807,0.703,0.621,1
"RTRAF",0.936298049987112,-0.116555087584373,0.283,0.261,1
"SCAND1",0.937060583234423,-0.195937577966587,0.261,0.242,1
"GSTK1",0.937091827698969,-0.106810189583451,0.506,0.444,1
"GIMAP4",0.937167705393571,0.164597168863061,0.501,0.45,1
"CCNL1",0.962892840605726,0.131258571981394,0.251,0.233,1
"EIF3I",0.977502223175171,-0.155463116507774,0.25,0.23,1
"LRRFIP1",0.986903845512156,0.214612319958417,0.381,0.363,1
"RBM4",0.990289321251471,-0.298454369542488,0.281,0.258,1
"CLEC2D",0.991356340478653,-0.172566194560247,0.355,0.323,1
"DAD1",0.995650940995833,-0.106004472026752,0.379,0.348,1
